,Reward,Reward_WM,L2_Coef,AvgDiff_Coef
0,289.37397317901144,112.07155373347923,1.0,1.0
1,116.63695363307181,145.37970176923554,1.0,1.0
2,307.21924457738425,190.88825834607707,1.0,1.0
3,29.946716556955874,88.212935644947,1.0,1.0
4,21.932191562712006,186.81374423378148,1.0,1.0
5,-29.849313010938904,203.5444235678762,1.0,1.0
6,58.36740752098242,224.05296376496554,1.0,1.0
7,-13.887508338615282,-41.913141049118714,1.0,1.0
8,294.8071307342831,5.2333034134469925,1.0,1.0
9,0.9980449416409884,-99.45289074876345,1.0,1.0
10,-4.0643096063767645,-46.67722094310447,1.0,1.0
11,-9.808227135429327,-115.79967135922053,1.0,1.0
12,-21.57998111770716,11.279676461266353,1.0,1.0
13,-0.5530136682990608,-98.79018960408867,1.0,1.0
14,-12.740151147510112,-74.76614883961156,1.0,1.0
15,19.6695508646837,-54.712974075041714,1.0,1.0
16,-32.19106424740199,45.06705390252173,1.0,1.0
17,-2.054578998688974,-109.73406000547111,1.0,1.0
18,-22.883966625951523,17.76592851849273,1.0,1.0
19,0.7827676224453032,-60.453704370371995,1.0,1.0
20,-30.493954546939516,16.161398647725584,0.7289999127388,1.3310000896453857
21,-9.7755313397973,118.9282454403583,0.7289999127388,1.3310000896453857
22,-21.674101634438962,154.84601705879905,0.7289999127388,1.3310000896453857
23,167.84299221992057,102.97056757239625,0.7289999127388,1.3310000896453857
24,381.76540785508223,171.12990091228858,0.7289999127388,1.3310000896453857
25,409.539905145626,279.23347097709774,0.7289999127388,1.3310000896453857
26,369.65882143168216,199.86780257653444,0.7289999127388,1.3310000896453857
27,-9.544082535624032,176.42266541570424,0.7289999127388,1.3310000896453857
28,403.38770144847655,315.04692558711395,0.7289999127388,1.3310000896453857
29,308.8266232920161,74.60465320367366,0.7289999127388,1.3310000896453857
30,1043.1362790470826,246.52729337662458,0.7289999127388,1.3310000896453857
31,5.983929124699295,48.624793039634824,0.7289999127388,1.3310000896453857
32,490.99295132746846,260.59044809294863,0.7289999127388,1.3310000896453857
33,307.2752663252011,319.43394404277205,0.7289999127388,1.3310000896453857
34,525.7362872940885,814.3546480932273,0.7289999127388,1.3310000896453857
35,286.17481830320037,305.4833017911762,0.7289999127388,1.3310000896453857
36,520.151568957536,539.9974714437034,0.7289999127388,1.3310000896453857
37,59.16157121092808,535.996556251496,0.7289999127388,1.3310000896453857
38,493.9194031271997,1029.7799429226666,0.7289999127388,1.3310000896453857
39,49.082490113625056,411.1492615913041,0.7289999127388,1.3310000896453857
40,479.4390511429136,206.34832290508785,0.5314409136772156,1.7715611457824707
41,-13.004382178341292,348.6765720240772,0.5314409136772156,1.7715611457824707
42,498.5499168182884,240.5380923345685,0.5314409136772156,1.7715611457824707
43,11.351860083280407,123.56524097686633,0.5314409136772156,1.7715611457824707
44,-24.949205604764185,163.37138224472292,0.5314409136772156,1.7715611457824707
45,1.6850252288816487,86.42935082130134,0.5314409136772156,1.7715611457824707
46,488.9280844840963,363.5703055728227,0.5314409136772156,1.7715611457824707
47,-0.9634298058028445,298.9176943739876,0.5314409136772156,1.7715611457824707
48,554.4333304893967,245.29269097158686,0.5314409136772156,1.7715611457824707
49,1.033237179700829,268.7360647568479,0.5314409136772156,1.7715611457824707
50,564.9975386528793,377.53681036271155,0.5314409136772156,1.7715611457824707
51,753.8596087292779,77.88458341583609,0.5314409136772156,1.7715611457824707
52,446.8343821830058,693.4103828587802,0.5314409136772156,1.7715611457824707
53,414.41432225052915,294.54311279635874,0.5314409136772156,1.7715611457824707
54,224.06120857955943,313.6333704132121,0.5314409136772156,1.7715611457824707
55,8.017566612118722,160.32625555088742,0.5314409136772156,1.7715611457824707
56,806.3464797491171,622.0889687370509,0.5314409136772156,1.7715611457824707
57,50.64051351580631,232.03422017674893,0.5314409136772156,1.7715611457824707
58,241.22162912225818,485.0834425447509,0.5314409136772156,1.7715611457824707
59,309.07152564401514,582.73020878518,0.5314409136772156,1.7715611457824707
60,1040.2475291453425,222.58018847606144,0.3874204158782959,2.357948064804077
61,52.68415413842914,600.5398958675563,0.3874204158782959,2.357948064804077
62,163.71868594366038,303.8466792564839,0.3874204158782959,2.357948064804077
63,29.917136774446238,993.1670918537304,0.3874204158782959,2.357948064804077
64,976.9865743533971,1306.0666650960688,0.3874204158782959,2.357948064804077
65,74.76726365348733,1443.6014355404302,0.3874204158782959,2.357948064804077
66,4062.6070002949127,925.1132210576907,0.3874204158782959,2.357948064804077
67,39.93314719316113,1288.9151913482697,0.3874204158782959,2.357948064804077
68,1136.634774931527,976.3059416065923,0.3874204158782959,2.357948064804077
69,25.767564147021737,785.9171842446551,0.3874204158782959,2.357948064804077
70,14.930794591432024,574.926774558425,0.3874204158782959,2.357948064804077
71,271.3285992838049,1061.5682246133686,0.3874204158782959,2.357948064804077
72,3915.862938873309,870.6914369340054,0.3874204158782959,2.357948064804077
73,21.611929854227974,925.5680784955621,0.3874204158782959,2.357948064804077
74,611.0503409253254,298.1695022229105,0.3874204158782959,2.357948064804077
75,65.64421519611736,672.2558337103576,0.3874204158782959,2.357948064804077
76,3972.978271121592,1328.0792867988348,0.3874204158782959,2.357948064804077
77,35.654349906479034,874.1527482043952,0.3874204158782959,2.357948064804077
78,4588.2236388477995,2817.9121083959935,0.3874204158782959,2.357948064804077
79,228.55091733396753,2561.1071446635297,0.3874204158782959,2.357948064804077
80,4579.390173311576,3196.142974781245,0.28242942690849304,3.1384289264678955
81,261.2732786278831,1172.490378027968,0.28242942690849304,3.1384289264678955
82,3502.1325396897605,72.79577141739428,0.28242942690849304,3.1384289264678955
83,81.50177448874403,1733.0668482316657,0.28242942690849304,3.1384289264678955
84,73.29690249635058,945.9643820811064,0.28242942690849304,3.1384289264678955
85,64.52119512824645,1363.836950732954,0.28242942690849304,3.1384289264678955
86,870.463602730911,1634.599286607001,0.28242942690849304,3.1384289264678955
87,3044.3003617914555,206.58321297951042,0.28242942690849304,3.1384289264678955
88,33.96391514978766,932.8042933790014,0.28242942690849304,3.1384289264678955
89,438.31600229537264,97.4520369069418,0.28242942690849304,3.1384289264678955
90,26.539008550280755,816.5341493505985,0.28242942690849304,3.1384289264678955
91,111.66364110318277,85.36049024276436,0.28242942690849304,3.1384289264678955
92,756.4772185411763,861.9390834284947,0.28242942690849304,3.1384289264678955
93,46.32693187791007,36.38542848285287,0.28242942690849304,3.1384289264678955
94,542.512531194771,1026.5379086598755,0.28242942690849304,3.1384289264678955
95,2396.8780178614506,288.6342500362545,0.28242942690849304,3.1384289264678955
96,45.5224548174493,1038.4015425439925,0.28242942690849304,3.1384289264678955
97,138.612918268795,516.8492018086836,0.28242942690849304,3.1384289264678955
98,949.3348155795724,628.7630716572515,0.28242942690849304,3.1384289264678955
99,201.39387212748562,355.64710214436053,0.28242942690849304,3.1384289264678955
100,252.5535919143628,-12.843017842434346,0.20589104294776917,4.177248954772949
101,507.9411355150429,493.53348234212024,0.20589104294776917,4.177248954772949
102,1901.9064749781385,927.7831397082657,0.20589104294776917,4.177248954772949
103,119.64558382590376,205.96770349480212,0.20589104294776917,4.177248954772949
104,4545.198026169483,1575.5110118862242,0.20589104294776917,4.177248954772949
105,131.39075380976092,1021.6673938315362,0.20589104294776917,4.177248954772949
106,376.14961579917207,1916.9588225144894,0.20589104294776917,4.177248954772949
107,9.270953500464644,529.005077963043,0.20589104294776917,4.177248954772949
108,3653.8182025395254,287.0447266961448,0.20589104294776917,4.177248954772949
109,652.2288309128581,287.9499100506306,0.20589104294776917,4.177248954772949
110,4484.0765759046035,2084.9260766200723,0.20589104294776917,4.177248954772949
111,3722.83786648159,1412.7144697334618,0.20589104294776917,4.177248954772949
112,3248.3630527921914,853.6720015214756,0.20589104294776917,4.177248954772949
113,544.3525837102302,830.9292020877823,0.20589104294776917,4.177248954772949
114,1360.0254043651657,2081.99517439825,0.20589104294776917,4.177248954772949
115,270.9300455058586,171.70257074460386,0.20589104294776917,4.177248954772949
116,4393.973813712981,1939.5072588904761,0.20589104294776917,4.177248954772949
117,501.84660234094116,340.81257637254896,0.20589104294776917,4.177248954772949
118,941.7714695781057,1687.9834326988087,0.20589104294776917,4.177248954772949
119,468.9577951225703,661.9512054192834,0.20589104294776917,4.177248954772949
120,4458.523462312978,2142.7292487519326,0.15009456872940063,5.5599188804626465
121,437.2279008747704,213.80622954759747,0.15009456872940063,5.5599188804626465
122,1651.8995844097585,2345.3315470770003,0.15009456872940063,5.5599188804626465
123,193.86433717044162,774.3515780420973,0.15009456872940063,5.5599188804626465
124,4467.59290260401,1434.210972070694,0.15009456872940063,5.5599188804626465
125,544.4044764965541,81.04689482972026,0.15009456872940063,5.5599188804626465
126,3109.107213325933,1832.7161433778704,0.15009456872940063,5.5599188804626465
127,392.71530025655335,50.478136013448236,0.15009456872940063,5.5599188804626465
128,2648.0123316587506,995.5859336912632,0.15009456872940063,5.5599188804626465
129,2958.2832374174873,10.855255286209285,0.15009456872940063,5.5599188804626465
130,797.2920120555711,2029.062778102793,0.15009456872940063,5.5599188804626465
131,491.273154751759,599.8574792142957,0.15009456872940063,5.5599188804626465
132,2244.9122351687943,1601.5457140464337,0.15009456872940063,5.5599188804626465
133,216.4284763303464,297.6054209003225,0.15009456872940063,5.5599188804626465
134,4513.330695121114,2237.446012844145,0.15009456872940063,5.5599188804626465
135,1144.5869446920149,591.7473285332322,0.15009456872940063,5.5599188804626465
136,4489.321110493674,2164.0505601968616,0.15009456872940063,5.5599188804626465
137,472.7133849474709,305.30945079261437,0.15009456872940063,5.5599188804626465
138,55.74887794575932,1315.5450618043542,0.15009456872940063,5.5599188804626465
139,533.924371288884,570.0293505735696,0.15009456872940063,5.5599188804626465
140,878.2356491634868,440.83679302390664,0.10941892862319946,7.400252819061279
141,13.988831984544777,143.99627916468307,0.10941892862319946,7.400252819061279
142,2566.83470548507,1279.0895295908674,0.10941892862319946,7.400252819061279
143,4441.869785068491,2248.8684225961565,0.10941892862319946,7.400252819061279
144,1833.7021348197381,964.6353233394213,0.10941892862319946,7.400252819061279
145,2915.0326215360847,1137.9878733858466,0.10941892862319946,7.400252819061279
146,4061.604513357887,2212.0437239944936,0.10941892862319946,7.400252819061279
147,3964.2682362225214,1490.5706555718557,0.10941892862319946,7.400252819061279
148,4271.190833505668,2037.6059429630636,0.10941892862319946,7.400252819061279
149,619.8743750694154,271.71726364884523,0.10941892862319946,7.400252819061279
150,4515.241892339907,472.36728123277425,0.10941892862319946,7.400252819061279
151,653.3793677938478,494.068448857218,0.10941892862319946,7.400252819061279
152,4720.738102592193,846.6271263423375,0.10941892862319946,7.400252819061279
153,580.7475527710964,917.3440940525383,0.10941892862319946,7.400252819061279
154,4589.566404532159,577.9690141286701,0.10941892862319946,7.400252819061279
155,1034.8499952242032,917.1083288971334,0.10941892862319946,7.400252819061279
156,4503.9726709468205,1937.9260390350596,0.10941892862319946,7.400252819061279
157,1872.542636923626,365.04745275890457,0.10941892862319946,7.400252819061279
158,4726.964145354634,2597.7290639480575,0.10941892862319946,7.400252819061279
159,1851.7591825151874,610.2555559976026,0.10941892862319946,7.400252819061279
160,4728.51035717641,1661.942616181448,0.07976639270782471,9.849736213684082
161,4026.7167271031453,985.753181319614,0.07976639270782471,9.849736213684082
162,4652.654886656676,526.0338857727126,0.07976639270782471,9.849736213684082
163,4603.289310598323,559.9781300021335,0.07976639270782471,9.849736213684082
164,4642.404975946549,2469.3348426938055,0.07976639270782471,9.849736213684082
165,572.7930713427502,932.8082669518888,0.07976639270782471,9.849736213684082
166,4686.576035167812,2292.0180217145244,0.07976639270782471,9.849736213684082
167,15.181504932599918,481.9806008517742,0.07976639270782471,9.849736213684082
168,4586.331772928794,2508.0457205179614,0.07976639270782471,9.849736213684082
169,3086.323192965472,453.1866800941527,0.07976639270782471,9.849736213684082
170,4108.2899444734185,1785.0488117000089,0.07976639270782471,9.849736213684082
171,4689.206348193668,668.8877075769008,0.07976639270782471,9.849736213684082
172,4642.008463408401,1376.819047093112,0.07976639270782471,9.849736213684082
173,4511.891694803583,1894.0536559462548,0.07976639270782471,9.849736213684082
174,4527.381986551712,1601.2683479474858,0.07976639270782471,9.849736213684082
175,1737.712661725333,1043.4584530193358,0.07976639270782471,9.849736213684082
176,4631.051652085398,1166.5246144744567,0.07976639270782471,9.849736213684082
177,4842.647067911877,2783.4721252750605,0.07976639270782471,9.849736213684082
178,4721.214698336012,810.7393753770739,0.07976639270782471,9.849736213684082
179,4366.32167066811,2021.771128802374,0.07976639270782471,9.849736213684082
180,1244.6751205603555,1146.2335529456846,0.05814969167113304,10.0
181,4885.440108016539,3249.1101479785516,0.05814969167113304,10.0
182,4199.900421022332,1600.2900972057134,0.05814969167113304,10.0
183,4785.311256344531,3038.433026394807,0.05814969167113304,10.0
184,618.4635427795513,362.7948631292209,0.05814969167113304,10.0
185,4549.980150724793,2426.524046926759,0.05814969167113304,10.0
186,4583.676444570614,579.6750632838346,0.05814969167113304,10.0
187,4971.662074895211,3245.076633052528,0.05814969167113304,10.0
188,4693.960571660028,1682.8835666116793,0.05814969167113304,10.0
189,4751.02281706802,2063.3809173064305,0.05814969167113304,10.0
190,4750.822363422253,1928.1713760677492,0.05814969167113304,10.0
191,4907.42155036082,2936.501520021632,0.05814969167113304,10.0
192,4279.09505947117,1410.186382382363,0.05814969167113304,10.0
193,515.4704201883285,2452.0774746809157,0.05814969167113304,10.0
194,2137.734039903098,2027.6236566435546,0.05814969167113304,10.0
195,644.270974434401,2443.0416808346286,0.05814969167113304,10.0
196,4043.79034752484,1910.922788578458,0.05814969167113304,10.0
197,4770.743945529066,1994.2714690597727,0.05814969167113304,10.0
198,4878.388342883112,3808.0895086325704,0.05814969167113304,10.0
199,4674.894631857759,2190.545656041242,0.05814969167113304,10.0
200,4765.310249319722,1756.8332517070696,0.04239112138748169,10.0
201,4784.6286920851435,4292.648533398705,0.04239112138748169,10.0
202,4893.711427177534,2820.4495423125104,0.04239112138748169,10.0
203,3457.9375263798756,3419.8437640182674,0.04239112138748169,10.0
204,4871.602851309426,1590.3641380195506,0.04239112138748169,10.0
205,4396.30760921703,1127.7564715849235,0.04239112138748169,10.0
206,506.50802220431007,2570.5546737160535,0.04239112138748169,10.0
207,4861.908584324463,2964.7472631473092,0.04239112138748169,10.0
208,4891.6243833644485,2842.969209917006,0.04239112138748169,10.0
209,4830.318938170253,3171.557353373617,0.04239112138748169,10.0
210,4873.480346698446,2004.818734600395,0.04239112138748169,10.0
211,4491.193384550595,2547.9653993084094,0.04239112138748169,10.0
212,4929.810266083541,3501.875002116524,0.04239112138748169,10.0
213,4144.762955999873,2474.1802551018072,0.04239112138748169,10.0
214,4615.383049019066,2552.7282770451156,0.04239112138748169,10.0
215,69.35849673348142,2450.24115607515,0.04239112138748169,10.0
216,4827.539276922535,2069.2221670655535,0.04239112138748169,10.0
217,4829.044704998591,3428.2615966890007,0.04239112138748169,10.0
218,4885.6975789817225,3068.128892028332,0.04239112138748169,10.0
219,4875.683885593219,3364.795743066631,0.04239112138748169,10.0
220,1335.5875926013316,2652.2096250660716,0.030903127044439316,10.0
221,4890.960383835932,1748.625803247653,0.030903127044439316,10.0
222,3368.2737110594608,1352.427678219974,0.030903127044439316,10.0
223,4737.661698823616,1251.6671257775276,0.030903127044439316,10.0
224,46.75054935668932,1491.4115067188627,0.030903127044439316,10.0
225,4634.083014355407,1461.6941748131999,0.030903127044439316,10.0
226,4733.904036295387,2079.409580745548,0.030903127044439316,10.0
227,3216.5580480951867,1804.9249061609619,0.030903127044439316,10.0
228,4802.28724710065,920.8510912240948,0.030903127044439316,10.0
229,4664.609723182215,2998.4180534195157,0.030903127044439316,10.0
230,4702.766771328208,3171.637251177244,0.030903127044439316,10.0
231,9.35252448518678,472.93790821712463,0.030903127044439316,10.0
232,4523.170742912757,1447.3065038003028,0.030903127044439316,10.0
233,91.19266964202492,498.62882762691004,0.030903127044439316,10.0
234,4478.007623387575,1862.7444847185166,0.030903127044439316,10.0
235,5.413960196677577,486.12416587769985,0.030903127044439316,10.0
236,4682.869599540273,1656.29432760193,0.030903127044439316,10.0
237,4664.4239325799035,1860.6723613530398,0.030903127044439316,10.0
238,3687.751521664037,933.5842651335522,0.030903127044439316,10.0
239,3961.351388173919,482.6263082716614,0.030903127044439316,10.0
240,4723.213459942395,2574.1332328281364,0.022528378292918205,10.0
241,4682.163613627651,2173.006249440089,0.022528378292918205,10.0
242,4612.417195039574,2465.9858018510977,0.022528378292918205,10.0
243,2275.364607738245,1141.1972113333643,0.022528378292918205,10.0
244,2914.812861267153,1608.3492735095322,0.022528378292918205,10.0
245,4486.5173241965,3481.363199759461,0.022528378292918205,10.0
246,4716.002852079406,2836.5696824674496,0.022528378292918205,10.0
247,4565.3438837618305,1195.9744742807002,0.022528378292918205,10.0
248,4672.2148298602215,2591.8907105546446,0.022528378292918205,10.0
249,4198.647421699161,477.4033284690231,0.022528378292918205,10.0
250,4352.296076669077,1994.1644850736484,0.022528378292918205,10.0
251,4166.5483089493555,598.6229356082156,0.022528378292918205,10.0
252,4509.2302576164775,1897.605501960125,0.022528378292918205,10.0
253,4510.705294455611,2389.9193486566655,0.022528378292918205,10.0
254,1274.761162046106,2144.366214754805,0.022528378292918205,10.0
255,4786.791297559478,1866.018939013919,0.022528378292918205,10.0
256,4507.077834834331,2697.870273476839,0.022528378292918205,10.0
257,4796.991522500516,2063.3037593673916,0.022528378292918205,10.0
258,4686.97385584098,732.2056753622368,0.022528378292918205,10.0
259,4817.694013028214,2948.854523491487,0.022528378292918205,10.0
260,1276.5305660856443,3055.106264774501,0.016423186287283897,10.0
261,4573.857827319594,1310.0723712783306,0.016423186287283897,10.0
262,4555.300614694536,782.8506816102192,0.016423186287283897,10.0
263,4694.842956655161,2500.552519369498,0.016423186287283897,10.0
264,4742.975525955366,1522.7558366559447,0.016423186287283897,10.0
265,938.5227140869918,941.8226476460695,0.016423186287283897,10.0
266,4577.162642003825,2431.670749919489,0.016423186287283897,10.0
267,2.3918100031456233,-50.59056115224958,0.016423186287283897,10.0
268,55.62105087534682,1027.2556302450132,0.016423186287283897,10.0
269,4512.22952417838,795.8323944121599,0.016423186287283897,10.0
270,4470.583510217728,591.690850735642,0.016423186287283897,10.0
271,68.94009107563332,1920.1938925391064,0.016423186287283897,10.0
272,4456.145731167858,1505.9233128592373,0.016423186287283897,10.0
273,1293.328675962896,195.41211712490767,0.016423186287283897,10.0
274,4750.229362041505,3070.770214279741,0.016423186287283897,10.0
275,4747.252652548558,1881.0895688965916,0.016423186287283897,10.0
276,4635.114623551027,580.4009917881224,0.016423186287283897,10.0
277,4603.018272945292,497.97011916972696,0.016423186287283897,10.0
278,4480.669604484135,1087.606623753719,0.016423186287283897,10.0
279,4782.697615302133,1370.0089458985253,0.016423186287283897,10.0
280,4556.116988517954,1442.444200725667,0.011972501873970032,10.0
281,4434.323732416381,2003.667748240754,0.011972501873970032,10.0
282,3590.6044237937654,1882.8771731296554,0.011972501873970032,10.0
283,4354.471648921959,462.8539775259793,0.011972501873970032,10.0
284,4498.428095814034,3085.006212177593,0.011972501873970032,10.0
285,4624.744964707644,1216.293772572279,0.011972501873970032,10.0
286,4489.753897474154,979.0162095539272,0.011972501873970032,10.0
287,4704.802899450195,2037.524288187921,0.011972501873970032,10.0
288,4565.086660576244,2214.773843821697,0.011972501873970032,10.0
289,4721.634815031862,793.1576206021011,0.011972501873970032,10.0
290,4453.181700009889,764.514492553845,0.011972501873970032,10.0
291,4807.437153515231,1381.70074970033,0.011972501873970032,10.0
292,4664.3902414137,3150.738546204567,0.011972501873970032,10.0
293,4459.103388425731,1655.7220594676212,0.011972501873970032,10.0
294,4649.009908599543,1815.2190725296737,0.011972501873970032,10.0
295,6.375580593006587,955.3246160220355,0.011972501873970032,10.0
296,3501.8708787888013,320.2077377993613,0.011972501873970032,10.0
297,4618.055572547716,1840.4241420073436,0.011972501873970032,10.0
298,2.82062778900421,75.30926171354949,0.011972501873970032,10.0
299,76.50708162862766,1447.107121903263,0.011972501873970032,10.0
300,17.599326349173886,145.9886266566813,0.00872795283794403,10.0
301,4506.542310837565,1750.301614023745,0.00872795283794403,10.0
302,4448.28007972174,2139.360808029026,0.00872795283794403,10.0
303,903.3118845122978,644.9832224845886,0.00872795283794403,10.0
304,2683.4381163227144,1865.111614378728,0.00872795283794403,10.0
305,4395.555550419811,1885.4692342676221,0.00872795283794403,10.0
306,99.28892281063204,2004.5629441257565,0.00872795283794403,10.0
307,4485.1651390734905,2868.970876097679,0.00872795283794403,10.0
308,933.9062743934043,3472.3848013691604,0.00872795283794403,10.0
309,4589.4293748738855,922.9952196741476,0.00872795283794403,10.0
310,4384.524901667901,1277.6720697067678,0.00872795283794403,10.0
311,4606.711809784142,1425.127320457995,0.00872795283794403,10.0
312,4477.329095921405,1524.2436151741072,0.00872795283794403,10.0
313,4679.059173554763,1950.8620941351169,0.00872795283794403,10.0
314,6.069983769152891,464.5786671984941,0.00872795283794403,10.0
315,4496.1492081735505,970.8802876651287,0.00872795283794403,10.0
316,1.6488133891829602,410.0170610339381,0.00872795283794403,10.0
317,2.982652870548231,-71.08855568654835,0.00872795283794403,10.0
318,1.775003726898077,698.943283777684,0.00872795283794403,10.0
319,3518.428969236075,1028.613365823403,0.00872795283794403,10.0
320,4.323648840183623,415.9900680825114,0.006362677086144686,10.0
321,4215.310935000791,834.1258138906211,0.006362677086144686,10.0
322,4490.620252859792,1506.4450297854842,0.006362677086144686,10.0
323,457.6989180776497,2357.2675135646014,0.006362677086144686,10.0
324,427.2862430937597,651.1683643307537,0.006362677086144686,10.0
325,77.51559638252732,1556.6633621010928,0.006362677086144686,10.0
326,4559.924986598009,1145.9747292533516,0.006362677086144686,10.0
327,1231.3891231338962,448.81223246194423,0.006362677086144686,10.0
328,15.631656264918808,640.1678816482424,0.006362677086144686,10.0
329,10.746630544807143,1151.8716771394015,0.006362677086144686,10.0
330,3.683664291635972,1242.226290940307,0.006362677086144686,10.0
331,71.68472944153345,932.4039065498858,0.006362677086144686,10.0
332,2286.145374368958,825.7738332219421,0.006362677086144686,10.0
333,3049.3048466558707,320.93527109585705,0.006362677086144686,10.0
334,438.0231314587853,410.0272154029459,0.006362677086144686,10.0
335,0.7445409716233276,862.8841446228325,0.006362677086144686,10.0
336,2.7218642922996867,982.331598866079,0.006362677086144686,10.0
337,1332.0669673474717,1942.7501385189594,0.006362677086144686,10.0
338,4.361767604841747,1029.5672356702387,0.006362677086144686,10.0
339,496.38594617179507,1767.9492577968165,0.006362677086144686,10.0
340,4488.952907103507,1460.065103695914,0.004638391081243753,10.0
341,15.075363634607523,1285.8001898610964,0.004638391081243753,10.0
342,17.586530764278557,1844.2835437614472,0.004638391081243753,10.0
343,970.5057336147672,994.2235588915646,0.004638391081243753,10.0
344,888.078920341972,2381.2518128454685,0.004638391081243753,10.0
345,4386.314506757466,1165.5259671244771,0.004638391081243753,10.0
346,1786.620241884346,1681.8388926626183,0.004638391081243753,10.0
347,1303.198774899488,1208.9889269447885,0.004638391081243753,10.0
348,446.6264783613084,2647.1731284979733,0.004638391081243753,10.0
349,0.8437353841779494,879.7036680819234,0.004638391081243753,10.0
350,16.29967323702278,3509.5637804389,0.004638391081243753,10.0
351,20.357060915423393,2353.659895823896,0.004638391081243753,10.0
352,1745.3669380665754,1427.4758831851184,0.004638391081243753,10.0
353,13.789311395189173,634.3751923235134,0.004638391081243753,10.0
354,3146.9110696280486,3356.0826605106704,0.004638391081243753,10.0
355,11.196856165084277,854.9650268249213,0.004638391081243753,10.0
356,4587.565022517522,2149.692895274237,0.004638391081243753,10.0
357,8.5033372444168,1098.994304532744,0.004638391081243753,10.0
358,2.789503592314584,-20.25510952100158,0.004638391081243753,10.0
359,4.999052679913347,255.56140557448379,0.004638391081243753,10.0
360,13.514324075624874,619.1717917650938,0.0033813868649303913,10.0
361,5.954055746103103,56.36073898607865,0.0033813868649303913,10.0
362,7.015181843265306,-57.61448226124048,0.0033813868649303913,10.0
363,15.635345314490717,1294.0136513970792,0.0033813868649303913,10.0
364,10.574692316027292,15.508696256950497,0.0033813868649303913,10.0
365,3180.2274978472706,1016.9480346458033,0.0033813868649303913,10.0
366,14.357774936860684,4.471784630790353,0.0033813868649303913,10.0
367,20.772696477979675,477.06846895758065,0.0033813868649303913,10.0
368,1324.2681253275382,1400.0681191582232,0.0033813868649303913,10.0
369,460.65406232851944,1587.621486248076,0.0033813868649303913,10.0
370,482.9635571824233,1039.5754093017429,0.0033813868649303913,10.0
371,21.952757170266654,878.4140510324389,0.0033813868649303913,10.0
372,7.574909524097777,461.07494509890677,0.0033813868649303913,10.0
373,15.940980884563725,-37.45620134230703,0.0033813868649303913,10.0
374,10.198985268575473,295.1041696645319,0.0033813868649303913,10.0
375,2724.351659742505,212.2986763007939,0.0033813868649303913,10.0
376,898.6167656493584,449.0047649461776,0.0033813868649303913,10.0
377,2210.2850341583917,526.3423959922045,0.0033813868649303913,10.0
378,2.2202805227199747,1407.554396038316,0.0033813868649303913,10.0
379,17.152465883456,438.1449844219722,0.0033813868649303913,10.0
380,17.95109130253265,980.8398493329994,0.002465030876919627,10.0
381,493.55744054929585,1045.3586143054067,0.002465030876919627,10.0
382,18.603771045219116,1692.6591417083516,0.002465030876919627,10.0
383,14.511810206202963,460.27429475206884,0.002465030876919627,10.0
384,2280.0295578042605,637.5952454825863,0.002465030876919627,10.0
385,1400.2826696171644,891.1804831042886,0.002465030876919627,10.0
386,474.6706792950098,2256.6363150298594,0.002465030876919627,10.0
387,4075.1667075874384,983.3217111478559,0.002465030876919627,10.0
388,2378.7853020601797,798.82122188285,0.002465030876919627,10.0
389,4473.0296456398155,577.0325857281684,0.002465030876919627,10.0
390,19.001806106800338,460.21935176120604,0.002465030876919627,10.0
391,4504.062061791564,45.78000749088824,0.002465030876919627,10.0
392,491.6981208984206,200.13182530794293,0.002465030876919627,10.0
393,4612.665790035697,1702.4489726617933,0.002465030876919627,10.0
394,25.87840162146467,846.3849516697228,0.002465030876919627,10.0
395,1878.0054228688973,8.349957669712603,0.002465030876919627,10.0
396,18.281790602372688,673.3555755629204,0.002465030876919627,10.0
397,16.399317945220023,1951.9177799497731,0.002465030876919627,10.0
398,-1.8699851057421337,-41.542390866205096,0.002465030876919627,10.0
399,6.38435181450255,172.47583214305342,0.002465030876919627,10.0
400,6.0398737672905325,-55.94068234730512,0.0017970072804018855,10.0
401,8.957377602947863,-64.7686841417104,0.0017970072804018855,10.0
402,10.706083478400162,-56.8791223462671,0.0017970072804018855,10.0
403,7.56111040267794,118.36579480841756,0.0017970072804018855,10.0
404,8.983772148711953,-65.40331284366547,0.0017970072804018855,10.0
405,2489.594390753303,34.73773486013524,0.0017970072804018855,10.0
406,2239.8477428402657,510.2898641068488,0.0017970072804018855,10.0
407,13.65673534024709,931.4970677375793,0.0017970072804018855,10.0
408,8.814447602810391,598.9714064501226,0.0017970072804018855,10.0
409,4155.239814585151,450.1877197300084,0.0017970072804018855,10.0
410,2848.3740988445597,-10.580192716699093,0.0017970072804018855,10.0
411,8.097394861867297,151.17125590704381,0.0017970072804018855,10.0
412,8.836676130608017,147.80753923803567,0.0017970072804018855,10.0
413,6.420127623037876,471.7129437193274,0.0017970072804018855,10.0
414,13.904126686737627,199.72188633251935,0.0017970072804018855,10.0
415,4.765188113857273,-106.17191593647003,0.0017970072804018855,10.0
416,6.032402333296489,-106.28059168606997,0.0017970072804018855,10.0
417,5.896914138111162,-58.37949934750795,0.0017970072804018855,10.0
418,8.920317507546489,-64.52630211235956,0.0017970072804018855,10.0
419,7.110271534804227,326.4896522739902,0.0017970072804018855,10.0
420,7.478150177790903,-31.79947313219309,0.0013100182404741645,10.0
421,7.3772274153909265,-53.91719425432384,0.0013100182404741645,10.0
422,6.982109004065753,-47.64552098754793,0.0013100182404741645,10.0
423,6.437999838928876,-14.275072534754873,0.0013100182404741645,10.0
424,4602.986098164784,729.4587427355349,0.0013100182404741645,10.0
425,7.032661753983723,496.3629901962355,0.0013100182404741645,10.0
426,-3.9240293333466463,240.48744930028914,0.0013100182404741645,10.0
427,3.138372515796605,-56.279833409562706,0.0013100182404741645,10.0
428,5.219275076780924,56.68411236274987,0.0013100182404741645,10.0
429,3.1697389706906103,462.11491839233787,0.0013100182404741645,10.0
430,-3.218060543607187,-89.24699371308088,0.0013100182404741645,10.0
431,-3.3298870785707146,-65.50691136941313,0.0013100182404741645,10.0
432,-0.30395168343722534,-83.79681004658342,0.0013100182404741645,10.0
433,1400.001541611659,433.28865869306026,0.0013100182404741645,10.0
434,8.273605578557973,-19.138703825697302,0.0013100182404741645,10.0
435,20.226555293287895,193.05071625299752,0.0013100182404741645,10.0
436,15.657890254637385,-2.132295767776668,0.0013100182404741645,10.0
437,16.759043518994595,821.7741186834871,0.0013100182404741645,10.0
438,3952.5601965243636,1210.461304804869,0.0013100182404741645,10.0
439,471.6803243721994,1160.4011509584263,0.0013100182404741645,10.0
440,19.136702152156367,2197.099181422405,0.0010000000474974513,10.0
441,3244.982074965535,1337.2887204963713,0.0010000000474974513,10.0
442,4598.970298036462,1363.6283984404058,0.0010000000474974513,10.0
443,4290.010441430716,-25.65202120952308,0.0010000000474974513,10.0
444,5.802217510110479,888.0815397614613,0.0010000000474974513,10.0
445,-2.9214731722242377,-39.39519421160221,0.0010000000474974513,10.0
446,6.70517411220443,5.545942130871117,0.0010000000474974513,10.0
447,5.175459817042894,70.1764366939664,0.0010000000474974513,10.0
448,1933.8249493885312,1010.7811552405358,0.0010000000474974513,10.0
449,1862.319076674758,1215.2845343112945,0.0010000000474974513,10.0
450,2360.2675062049357,-10.877422365173697,0.0010000000474974513,10.0
451,4666.631090913286,-33.166830608737655,0.0010000000474974513,10.0
452,10.004048657182018,938.4542468693107,0.0010000000474974513,10.0
453,454.873970082717,2366.552709034365,0.0010000000474974513,10.0
454,5.397083570902932,768.5637048926204,0.0010000000474974513,10.0
455,2832.39900439907,-27.09789921268821,0.0010000000474974513,10.0
456,4686.659629674703,1711.6196623485534,0.0010000000474974513,10.0
457,3295.593191653706,467.35087815243753,0.0010000000474974513,10.0
458,2.3289812342404943,87.40396480485796,0.0010000000474974513,10.0
459,7.996609550420357,-56.7076252149418,0.0010000000474974513,10.0
460,13.168607172245453,1181.4940887477248,0.0010000000474974513,10.0
461,2355.4009152923363,427.30773341599854,0.0010000000474974513,10.0
462,6.99797680734982,-24.102484988607465,0.0010000000474974513,10.0
463,11.148899088557753,166.54254681998864,0.0010000000474974513,10.0
464,7.50246931456698,282.43010719530287,0.0010000000474974513,10.0
465,3279.2530945401427,1129.7578540697693,0.0010000000474974513,10.0
466,-3.294189059966675,-75.63709575906395,0.0010000000474974513,10.0
467,-3.0329789469824937,-20.701625201292337,0.0010000000474974513,10.0
468,3.0933605116605416,537.6241275419482,0.0010000000474974513,10.0
469,4.524758266479177,4.47326324917376,0.0010000000474974513,10.0
470,8.146854408172238,1517.7966660558245,0.0010000000474974513,10.0
471,2382.7366127469854,1050.4314011339097,0.0010000000474974513,10.0
472,7.410352163702515,569.1588187225163,0.0010000000474974513,10.0
473,6.09321878965215,1120.9882618114352,0.0010000000474974513,10.0
474,4265.927371316507,637.3689380325377,0.0010000000474974513,10.0
475,6.696566949798469,1161.1030823262408,0.0010000000474974513,10.0
476,4828.7873939186475,2845.715950186178,0.0010000000474974513,10.0
477,4809.799359917584,5.1879989337176085,0.0010000000474974513,10.0
478,1.488856687888629,1836.431611415185,0.0010000000474974513,10.0
479,6.9660972670591,701.8675348198042,0.0010000000474974513,10.0
480,3.8448002093030986,73.71060273572803,0.0010000000474974513,10.0
481,1.7551449095837988,990.1830280587077,0.0010000000474974513,10.0
482,-1.5455921188665294,280.9167316770181,0.0010000000474974513,10.0
483,-1.8175504575502057,1125.8281201124191,0.0010000000474974513,10.0
484,4211.734966006362,-46.822756190784276,0.0010000000474974513,10.0
485,-2.1272166316841576,-141.1188701428473,0.0010000000474974513,10.0
486,3.698245149598052,99.03042596057057,0.0010000000474974513,10.0
487,431.7007939076449,1233.2562947850674,0.0010000000474974513,10.0
488,1904.6890831145643,1133.325888142176,0.0010000000474974513,10.0
489,2.490891491596083,-79.07258939296007,0.0010000000474974513,10.0
490,19.195310057507633,492.4122546915896,0.0010000000474974513,10.0
491,2782.817944558184,759.1510713741184,0.0010000000474974513,10.0
492,3.795551943057916,-94.37684100717306,0.0010000000474974513,10.0
493,4907.111044364272,56.96948124244809,0.0010000000474974513,10.0
494,4882.663654813112,1932.3638503899797,0.0010000000474974513,10.0
495,7.554166352664451,2.1435039196163417,0.0010000000474974513,10.0
496,3.971365549895149,-156.6756900446955,0.0010000000474974513,10.0
497,1.6132150067194133,-94.8327656045556,0.0010000000474974513,10.0
498,5.713220761217388,94.7157097067684,0.0010000000474974513,10.0
499,4650.347179713614,915.4235845431685,0.0010000000474974513,10.0
500,5.415043858654437,988.9591957993805,0.0010000000474974513,10.0
501,11.564970149085722,286.7813914112747,0.0010000000474974513,10.0
502,29.392394277394622,529.8079156876541,0.0010000000474974513,10.0
503,603.9572323041878,314.08104378804563,0.0010000000474974513,10.0
504,4597.481642884386,922.5818851694464,0.0010000000474974513,10.0
505,4798.980874967152,1108.4815106097608,0.0010000000474974513,10.0
506,-5.412008238627032,-88.4728030698374,0.0010000000474974513,10.0
507,33.47120890855414,-96.21266323439777,0.0010000000474974513,10.0
508,-6.412718936175874,-80.58130471054464,0.0010000000474974513,10.0
509,87.38710504628654,-125.34695077389479,0.0010000000474974513,10.0
510,91.6155648808022,-112.35193119645119,0.0010000000474974513,10.0
511,3868.8729784568486,-68.48826908711344,0.0010000000474974513,10.0
512,2419.6827227825925,91.78972869850695,0.0010000000474974513,10.0
513,4825.684698013576,1587.8172488614916,0.0010000000474974513,10.0
514,485.6407336154508,90.01296918205917,0.0010000000474974513,10.0
515,3847.2849196479065,1086.480413166806,0.0010000000474974513,10.0
516,-4.324867090275476,-112.80886212717742,0.0010000000474974513,10.0
517,4774.67496261253,-68.06052960790694,0.0010000000474974513,10.0
518,-4.1618333644895795,-101.80321090649814,0.0010000000474974513,10.0
519,-3.88072434284362,-48.51483891811222,0.0010000000474974513,10.0
520,3.778178843096545,-98.04395604329184,0.0010000000474974513,10.0
521,14.71886051693106,-33.82693451941013,0.0010000000474974513,10.0
522,4692.461770078278,1290.1921711060218,0.0010000000474974513,10.0
523,4738.30855071049,568.9656297154725,0.0010000000474974513,10.0
524,4819.483788206385,1374.205383938225,0.0010000000474974513,10.0
525,4728.18570636452,1300.3493946123867,0.0010000000474974513,10.0
526,4701.436400936743,2309.8907053062694,0.0010000000474974513,10.0
527,4816.778378196526,593.8141978364438,0.0010000000474974513,10.0
528,4800.026518201927,2115.5559742367827,0.0010000000474974513,10.0
529,4921.604214486173,1941.2651995651424,0.0010000000474974513,10.0
530,4801.415636437834,1931.2726048565005,0.0010000000474974513,10.0
531,-3.139534101479643,312.84340234994886,0.0010000000474974513,10.0
532,-1.6729548322026915,567.1078409828245,0.0010000000474974513,10.0
533,4880.884861690429,-131.8972865929827,0.0010000000474974513,10.0
534,-4.014402945974749,-104.28422942273319,0.0010000000474974513,10.0
535,-3.3917754649944625,-102.0295872900635,0.0010000000474974513,10.0
536,0.30157525892223475,1012.2446110923775,0.0010000000474974513,10.0
537,-4.242339628983368,-106.75793564654887,0.0010000000474974513,10.0
538,-3.2744452271732714,-118.65577960610389,0.0010000000474974513,10.0
539,-3.9972159674629957,-195.1595756344497,0.0010000000474974513,10.0
540,-1.041695982589577,-140.96188661847265,0.0010000000474974513,10.0
541,470.98871026669065,-81.17229845412075,0.0010000000474974513,10.0
542,14.750245071333506,858.736848074384,0.0010000000474974513,10.0
543,1251.6643563817756,970.4986925143749,0.0010000000474974513,10.0
544,447.555913252471,1740.3902043186129,0.0010000000474974513,10.0
545,3322.963301554996,2573.101605094038,0.0010000000474974513,10.0
546,2439.8120193281275,1405.2739824987948,0.0010000000474974513,10.0
547,4714.595224861408,479.3967395979911,0.0010000000474974513,10.0
548,3692.8262428367707,1403.9952109753153,0.0010000000474974513,10.0
549,4802.272065169175,1891.9247160655445,0.0010000000474974513,10.0
550,4.369949072545348,-48.96235444061458,0.0010000000474974513,10.0
551,-5.801908403294559,-87.64353801868856,0.0010000000474974513,10.0
552,-3.604760747395466,-77.71765443086625,0.0010000000474974513,10.0
553,-3.703812302440608,-125.32850126214325,0.0010000000474974513,10.0
554,-4.274190883587759,-129.9620224473998,0.0010000000474974513,10.0
555,-4.510047579002039,-82.95586870871485,0.0010000000474974513,10.0
556,-4.807817876089909,-74.8494680121541,0.0010000000474974513,10.0
557,-4.482728556943015,-103.42472109943628,0.0010000000474974513,10.0
558,-4.727068500132931,-67.62147181779146,0.0010000000474974513,10.0
559,-4.913802635505128,-108.37177107930184,0.0010000000474974513,10.0
560,-4.84398877126606,-159.55692326352,0.0010000000474974513,10.0
561,-4.001867441134136,445.62289111688733,0.0010000000474974513,10.0
562,-4.595333708757002,-136.1941536128521,0.0010000000474974513,10.0
563,-3.9062559846188734,-73.05468219071626,0.0010000000474974513,10.0
564,-4.8774725196344875,-58.03505191653967,0.0010000000474974513,10.0
565,-3.2544129291762616,-145.18861298337578,0.0010000000474974513,10.0
566,-3.9473919381483227,-98.89415740408003,0.0010000000474974513,10.0
567,-4.007759275760261,-122.62965252548456,0.0010000000474974513,10.0
568,-3.853224796751989,-198.2344971317798,0.0010000000474974513,10.0
569,-4.000350128353583,-130.96601100042463,0.0010000000474974513,10.0
570,-3.816880582743567,-157.9800015455112,0.0010000000474974513,10.0
571,-3.88844068520102,-93.74139868617058,0.0010000000474974513,10.0
572,-3.5908637795180076,-136.35114467814566,0.0010000000474974513,10.0
573,-2.8854197723558643,-96.46301361322404,0.0010000000474974513,10.0
574,-2.525165668813499,-87.75511425435543,0.0010000000474974513,10.0
575,-4.257983115306392,-140.4791699208319,0.0010000000474974513,10.0
576,-4.1900670666610695,-110.95777083486318,0.0010000000474974513,10.0
577,-4.636210452637719,-90.08435288518668,0.0010000000474974513,10.0
578,-4.195533781187786,-94.92347564101219,0.0010000000474974513,10.0
579,-4.650841580834678,-119.39920238796621,0.0010000000474974513,10.0
580,-4.300165848565077,-96.4072695069015,0.0010000000474974513,10.0
581,-3.294104676577271,-80.09963333643972,0.0010000000474974513,10.0
582,-4.302277182789709,-62.70209748316556,0.0010000000474974513,10.0
583,-3.266397884253969,-41.959935406968,0.0010000000474974513,10.0
584,-1.4579345916716233,579.6853942111135,0.0010000000474974513,10.0
585,-4.197314686680045,-65.17589618004858,0.0010000000474974513,10.0
586,-4.514809150960913,-94.01772423610092,0.0010000000474974513,10.0
587,-3.9325186553315055,-108.60085439365358,0.0010000000474974513,10.0
588,-4.020776559669443,-159.90460694506766,0.0010000000474974513,10.0
589,-4.0845431009773785,-87.55335269160568,0.0010000000474974513,10.0
590,-3.853070036428695,-96.1544372651726,0.0010000000474974513,10.0
591,-4.483203527322794,-81.61716259475797,0.0010000000474974513,10.0
592,-4.526971426394246,-173.82434047684075,0.0010000000474974513,10.0
593,-4.1803727400866375,-73.34584636650979,0.0010000000474974513,10.0
594,-4.455903506665228,-72.85948178991676,0.0010000000474974513,10.0
595,-4.4361598835502205,-96.38026206232607,0.0010000000474974513,10.0
596,1933.025567462078,804.3676729749889,0.0010000000474974513,10.0
597,-3.944649574575746,-142.34150425605475,0.0010000000474974513,10.0
598,-3.9131164661904863,-122.7052338436246,0.0010000000474974513,10.0
599,-5.465757473472781,-29.937256272882223,0.0010000000474974513,10.0
600,943.495910210655,1258.190970562026,0.0010000000474974513,10.0
601,-5.182985248818124,-114.315105214715,0.0010000000474974513,10.0
602,-3.920638880411521,-128.25000294074417,0.0010000000474974513,10.0
603,3475.635065082043,999.5587519559543,0.0010000000474974513,10.0
604,-3.699475391574173,-126.58450846783816,0.0010000000474974513,10.0
605,3824.1467531060866,675.3536352115683,0.0010000000474974513,10.0
606,4917.661574913232,2792.058085138537,0.0010000000474974513,10.0
607,4936.143132240061,3854.8218205265703,0.0010000000474974513,10.0
608,4845.275648061848,500.3477351533249,0.0010000000474974513,10.0
609,3973.0831404008,1480.509756708704,0.0010000000474974513,10.0
610,132.24785291134975,-73.68436988592148,0.0010000000474974513,10.0
611,4741.04170464424,-46.75939207971096,0.0010000000474974513,10.0
612,5000.429639010517,3180.80743979672,0.0010000000474974513,10.0
613,4925.001352589957,1980.4960953354835,0.0010000000474974513,10.0
614,4924.423942500577,2509.585269093141,0.0010000000474974513,10.0
615,4877.675469382911,4002.8651314625517,0.0010000000474974513,10.0
616,4802.092266032237,2879.5095759264195,0.0010000000474974513,10.0
617,4751.172160347711,2743.8478206552563,0.0010000000474974513,10.0
618,4901.213350407568,3405.1809667710213,0.0010000000474974513,10.0
619,4216.909068793395,3138.35782519849,0.0010000000474974513,10.0
620,4852.726862678504,2876.2380956374573,0.0010000000474974513,10.0
621,4813.699491853636,2156.4826693553478,0.0010000000474974513,10.0
622,4857.562865197997,3706.1609868677333,0.0010000000474974513,10.0
623,4826.729592824425,3602.5503028176727,0.0010000000474974513,10.0
624,4823.424074266021,3328.9253061035647,0.0010000000474974513,10.0
625,4796.037584765797,1974.909914927371,0.0010000000474974513,10.0
626,4904.956999664257,2575.1851050827654,0.0010000000474974513,10.0
627,4917.2804894275405,974.1129617583007,0.0010000000474974513,10.0
628,4821.222089201105,2985.63602614142,0.0010000000474974513,10.0
629,4944.847922255496,3513.241751973424,0.0010000000474974513,10.0
630,4830.098787596915,2393.554630930908,0.0010000000474974513,10.0
631,4825.847768921413,4119.34008805342,0.0010000000474974513,10.0
632,4759.787200274717,2041.3706954063848,0.0010000000474974513,10.0
633,4857.283497535153,4415.401423895545,0.0010000000474974513,10.0
634,4888.462070907248,3209.959180948697,0.0010000000474974513,10.0
635,4686.585964457239,3326.382463903353,0.0010000000474974513,10.0
636,4921.53841289105,3071.9771136516706,0.0010000000474974513,10.0
637,4818.3979341922595,3022.002362893615,0.0010000000474974513,10.0
638,4787.059197974232,1873.537761059124,0.0010000000474974513,10.0
639,4843.8241285617705,3029.9750816818328,0.0010000000474974513,10.0
640,4862.375450930999,2110.5132553232834,0.0010000000474974513,10.0
641,4807.377239623611,1445.16730155088,0.0010000000474974513,10.0
642,4893.40072384861,3595.8006884268484,0.0010000000474974513,10.0
643,4972.363631097444,2007.3645745937713,0.0010000000474974513,10.0
644,4886.603232405193,3441.825173321925,0.0010000000474974513,10.0
645,4765.622814201007,1941.1108579033055,0.0010000000474974513,10.0
646,4787.940072118526,1757.7371669422835,0.0010000000474974513,10.0
647,4888.585422979951,1999.4699983485043,0.0010000000474974513,10.0
648,3370.1840484989457,1250.6718487746082,0.0010000000474974513,10.0
649,4921.619218075073,2813.90826442074,0.0010000000474974513,10.0
650,4727.0509708704385,1415.706285391841,0.0010000000474974513,10.0
651,4899.195339413268,1425.0797202232293,0.0010000000474974513,10.0
652,4831.600268559388,3764.247348551452,0.0010000000474974513,10.0
653,4940.206629428804,454.0165316365659,0.0010000000474974513,10.0
654,4897.067996753105,757.0199702141806,0.0010000000474974513,10.0
655,4899.340224447104,2025.2107274882496,0.0010000000474974513,10.0
656,3855.9146790152386,1639.3638798410072,0.0010000000474974513,10.0
657,0.39310928178933807,1834.3359623985366,0.0010000000474974513,10.0
658,4803.897549659968,1339.876350923069,0.0010000000474974513,10.0
659,4874.73456885708,3244.6513788623733,0.0010000000474974513,10.0
660,4908.242484293443,3724.3093742003666,0.0010000000474974513,10.0
661,4966.701033758805,2077.0156885830684,0.0010000000474974513,10.0
662,4842.883372163221,3529.2993355374783,0.0010000000474974513,10.0
663,4848.372819922783,3671.923841360025,0.0010000000474974513,10.0
664,4802.825458669858,2701.292321931757,0.0010000000474974513,10.0
665,1895.357998765896,1129.676935215015,0.0010000000474974513,10.0
666,4750.20166967071,1913.8596773784607,0.0010000000474974513,10.0
667,-1.1922217132185557,1105.3098058923147,0.0010000000474974513,10.0
668,-3.1893952676781083,1475.7742036083714,0.0010000000474974513,10.0
669,-3.907054476188569,-52.424625718221066,0.0010000000474974513,10.0
670,-5.009900608453977,-108.25771181751043,0.0010000000474974513,10.0
671,-4.638496213181897,-90.99172656051815,0.0010000000474974513,10.0
672,-3.680583303174006,428.2755052506924,0.0010000000474974513,10.0
673,-2.99627332098684,-131.1880114428699,0.0010000000474974513,10.0
674,-3.045896637077615,-70.10975013300776,0.0010000000474974513,10.0
675,-3.1466341887200717,-150.1198713734746,0.0010000000474974513,10.0
676,-2.9615993119452972,-35.04061303548515,0.0010000000474974513,10.0
677,-3.868061336030214,-68.58839980270713,0.0010000000474974513,10.0
678,-3.792495125270193,-136.07701840251684,0.0010000000474974513,10.0
679,-3.846794417720834,-66.91352142542601,0.0010000000474974513,10.0
680,-3.840575318813264,-67.42837863201275,0.0010000000474974513,10.0
681,-4.326006206500468,899.7459437871352,0.0010000000474974513,10.0
682,-4.5265634643522565,-72.95074437111616,0.0010000000474974513,10.0
683,-4.730975276838687,-74.60602394063025,0.0010000000474974513,10.0
684,-4.8860115414288465,-82.61378658153117,0.0010000000474974513,10.0
685,-4.9861977295421305,-126.0010746203363,0.0010000000474974513,10.0
686,-4.679152682442419,-79.93318723589182,0.0010000000474974513,10.0
687,-4.3329920438661915,-84.53866440951825,0.0010000000474974513,10.0
688,-4.656090626431654,504.0663960448466,0.0010000000474974513,10.0
689,-0.47643002443573296,-41.17699257675558,0.0010000000474974513,10.0
690,-2.2530311584094593,703.8863243777305,0.0010000000474974513,10.0
691,-0.679923505886699,501.34205320831387,0.0010000000474974513,10.0
692,4643.055754796504,1544.753038375266,0.0010000000474974513,10.0
693,4575.506991140681,1606.6016786420719,0.0010000000474974513,10.0
694,4850.711075406899,1214.0106275558471,0.0010000000474974513,10.0
695,4598.101305594247,-10.359367829188704,0.0010000000474974513,10.0
696,4655.176537442349,695.5334360288456,0.0010000000474974513,10.0
697,14.587626080892576,26.861137996986507,0.0010000000474974513,10.0
698,4589.466208093947,453.6646581873298,0.0010000000474974513,10.0
699,2.6254734320681052,456.7026373190805,0.0010000000474974513,10.0
700,-2.2021548557799053,-61.42627144008875,0.0010000000474974513,10.0
701,-5.649828459881437,-34.849125710967925,0.0010000000474974513,10.0
702,-3.3902021925221937,325.0753955060616,0.0010000000474974513,10.0
703,-5.299816420998589,-61.74172375872731,0.0010000000474974513,10.0
704,6.261486881542416,-80.32234904291109,0.0010000000474974513,10.0
705,-4.733515719322629,14.906165462359786,0.0010000000474974513,10.0
706,-2.2512944849607672,-37.708979808166625,0.0010000000474974513,10.0
707,-4.327203138587814,-79.38563440740108,0.0010000000474974513,10.0
708,-3.7429432914112404,-50.094994227588174,0.0010000000474974513,10.0
709,2846.7962490213677,461.94804125092924,0.0010000000474974513,10.0
710,-3.7224144903698955,-101.34296568222344,0.0010000000474974513,10.0
711,-3.8997870877410152,-76.75181300416588,0.0010000000474974513,10.0
712,-4.618578531292996,-115.33910185992718,0.0010000000474974513,10.0
713,-3.839365196949095,-134.83557587042452,0.0010000000474974513,10.0
714,-3.928095720760686,-86.11082591675222,0.0010000000474974513,10.0
715,-3.815673380771919,-57.29963483139873,0.0010000000474974513,10.0
716,-4.330798997561301,-62.48038805536926,0.0010000000474974513,10.0
717,-3.835978723428231,-120.93461371287704,0.0010000000474974513,10.0
718,-3.4415576824033907,-74.49450314156711,0.0010000000474974513,10.0
719,-3.571631595172252,-61.18414310216904,0.0010000000474974513,10.0
720,-3.45205633921983,-74.81012263000011,0.0010000000474974513,10.0
721,-3.91322230430846,-63.678571651130916,0.0010000000474974513,10.0
722,-3.8973947042243937,-63.929176800139246,0.0010000000474974513,10.0
723,-5.701187149770582,-75.50599542558193,0.0010000000474974513,10.0
724,-5.9541241953798245,-18.195994428917764,0.0010000000474974513,10.0
725,-5.3781412366405155,-79.74546015411616,0.0010000000474974513,10.0
726,-5.319599901390658,-127.79520883709192,0.0010000000474974513,10.0
727,-6.475776125137374,-20.69359798617661,0.0010000000474974513,10.0
728,-5.445318877998968,-49.66377042233944,0.0010000000474974513,10.0
729,-4.671061794647488,-161.295137881767,0.0010000000474974513,10.0
730,-3.555086879931404,415.23333488479255,0.0010000000474974513,10.0
731,1.3029798969064423,435.5221443891525,0.0010000000474974513,10.0
732,-3.6890560942102524,-147.01823358368128,0.0010000000474974513,10.0
733,-4.472856142202658,-89.18202614337206,0.0010000000474974513,10.0
734,-4.267501831289162,-113.94587607309222,0.0010000000474974513,10.0
735,-5.086159748716367,-90.24806229397655,0.0010000000474974513,10.0
736,-4.3657648959327275,-74.46316066347063,0.0010000000474974513,10.0
737,-2.978473829653571,-142.3769196331501,0.0010000000474974513,10.0
738,-3.7277912044171524,-91.64094634130598,0.0010000000474974513,10.0
739,-4.336670108041077,-66.39733578935265,0.0010000000474974513,10.0
740,-5.218182727515255,-49.04457369539887,0.0010000000474974513,10.0
741,-1.7680563893844852,-53.78034611679614,0.0010000000474974513,10.0
742,7.881499639776881,-64.6213830396533,0.0010000000474974513,10.0
743,1.9332404898352493,-53.52159749902785,0.0010000000474974513,10.0
744,-2.8930552098145816,-85.69223420917987,0.0010000000474974513,10.0
745,2.529940875422614,-49.82656654790044,0.0010000000474974513,10.0
746,3.3265195429619157,-78.03767081312836,0.0010000000474974513,10.0
747,-2.1900223222201047,-68.9084626223892,0.0010000000474974513,10.0
748,0.28986207723830393,-26.303444280661644,0.0010000000474974513,10.0
749,0.6315239351634381,936.1797466082498,0.0010000000474974513,10.0
750,-1.5598498302089592,-59.47165958918631,0.0010000000474974513,10.0
751,-2.330648373506344,-83.81230318844318,0.0010000000474974513,10.0
752,-2.7284118409093856,442.87336789742113,0.0010000000474974513,10.0
753,-2.6857609424522244,-69.01143915336579,0.0010000000474974513,10.0
754,-2.46579609748734,-117.96680908054114,0.0010000000474974513,10.0
755,-2.1199615731900194,-70.2958009570837,0.0010000000474974513,10.0
756,-2.4885339173227417,-121.05244352035224,0.0010000000474974513,10.0
757,-2.3950062461877515,-150.404141099751,0.0010000000474974513,10.0
758,-3.098969526271147,-174.46847814247013,0.0010000000474974513,10.0
759,-2.6715554801825987,-55.56676712445915,0.0010000000474974513,10.0
760,-2.7017408726173238,-100.13474793471396,0.0010000000474974513,10.0
761,-3.676151020198801,-110.37656595110893,0.0010000000474974513,10.0
762,-3.7449086354689207,-90.1592171177268,0.0010000000474974513,10.0
763,-3.284423603483778,-151.28119819685816,0.0010000000474974513,10.0
764,-2.6976851808439917,-110.35380778610707,0.0010000000474974513,10.0
765,-2.6359566399219356,-114.12556141987443,0.0010000000474974513,10.0
766,-4.221041981172123,-148.3273947522044,0.0010000000474974513,10.0
767,-4.420819342555065,-67.35608031749726,0.0010000000474974513,10.0
768,-2.5518477911547257,-45.59460428506136,0.0010000000474974513,10.0
769,-2.7507910774942763,618.6636151300743,0.0010000000474974513,10.0
770,-3.8298283625585086,-46.356986205652355,0.0010000000474974513,10.0
771,1420.58882090994,750.3514050450176,0.0010000000474974513,10.0
772,-1.9095595051720582,-36.048328233137724,0.0010000000474974513,10.0
773,19.77365390389756,218.33807559497654,0.0010000000474974513,10.0
774,16.404581798430748,381.90710917450485,0.0010000000474974513,10.0
775,4585.094833404539,960.0543806940317,0.0010000000474974513,10.0
776,412.5868504560275,795.3109709005803,0.0010000000474974513,10.0
777,8.62588720816129,547.9449352294207,0.0010000000474974513,10.0
778,3690.648944660255,2237.169195788447,0.0010000000474974513,10.0
779,980.5702700622041,451.6695285335183,0.0010000000474974513,10.0
780,25.1594394848383,900.4936381969601,0.0010000000474974513,10.0
781,10.926195120662339,-30.21532285758294,0.0010000000474974513,10.0
782,2171.5888106986677,435.4887004829943,0.0010000000474974513,10.0
783,17.42671144184435,0.2791593953967094,0.0010000000474974513,10.0
784,-2.988994790204583,-34.589207066223025,0.0010000000474974513,10.0
785,-3.1495019195626455,-66.96063044760376,0.0010000000474974513,10.0
786,1.604708928253202,-50.75705777835101,0.0010000000474974513,10.0
787,1.7899225279897801,-73.90104912221432,0.0010000000474974513,10.0
788,-1.6034056244561892,-40.15065796598792,0.0010000000474974513,10.0
789,-3.861249388511537,-50.59067132622003,0.0010000000474974513,10.0
790,-4.627371068459423,-39.74390716673806,0.0010000000474974513,10.0
791,-4.500575339626189,-83.8989939518273,0.0010000000474974513,10.0
792,-4.253466435631364,-65.1607174243778,0.0010000000474974513,10.0
793,-2.306973968358932,-46.323725283332166,0.0010000000474974513,10.0
794,-4.238319705100437,-65.18150096833706,0.0010000000474974513,10.0
795,-3.850060072174263,-35.585866400040686,0.0010000000474974513,10.0
796,-4.15034571821237,-37.96583601906896,0.0010000000474974513,10.0
797,4.641135328289197,-11.406744841486216,0.0010000000474974513,10.0
798,3.6446032219970554,-10.103474721685052,0.0010000000474974513,10.0
799,9.899932594273796,535.791059130244,0.0010000000474974513,10.0
800,8.546189400069299,-15.117135952413083,0.0010000000474974513,10.0
801,10.927921711036126,-27.251910801324993,0.0010000000474974513,10.0
802,11.870419471416046,1001.8340338870883,0.0010000000474974513,10.0
803,4.256194820816936,-15.574983008392156,0.0010000000474974513,10.0
804,5.816976751316905,518.5584211793728,0.0010000000474974513,10.0
805,7.001987296602513,1002.3992177039385,0.0010000000474974513,10.0
806,7.604336109574525,-18.70140823163092,0.0010000000474974513,10.0
807,1.2131259896889546,519.075217789039,0.0010000000474974513,10.0
808,-5.00276625683877,-70.30555635020137,0.0010000000474974513,10.0
809,0.6195408962361063,418.099552029185,0.0010000000474974513,10.0
810,-4.026916042222538,-17.556937148608267,0.0010000000474974513,10.0
811,-4.605730566161323,-8.028346100542695,0.0010000000474974513,10.0
812,-3.08100230062701,404.6648227307945,0.0010000000474974513,10.0
813,-3.354449372241659,-60.51238096021116,0.0010000000474974513,10.0
814,0.16952945763248334,275.8937973220833,0.0010000000474974513,10.0
815,-6.088440597392153,-29.983719965815546,0.0010000000474974513,10.0
816,0.6350292979471392,-24.331660203263162,0.0010000000474974513,10.0
817,4.32587881960767,486.70352308861914,0.0010000000474974513,10.0
818,7.642301658213422,150.21563038304447,0.0010000000474974513,10.0
819,-0.07535073517962579,480.9739777017385,0.0010000000474974513,10.0
820,-1.363400545901781,-79.40440251678228,0.0010000000474974513,10.0
821,-3.1991105740262187,-99.90610411539674,0.0010000000474974513,10.0
822,-3.7818804211107127,-82.84939383715391,0.0010000000474974513,10.0
823,-3.940843419598432,-151.50378533117473,0.0010000000474974513,10.0
824,-5.017591111025145,-91.81396145261824,0.0010000000474974513,10.0
825,-4.633058157386409,-77.24128495380282,0.0010000000474974513,10.0
826,-5.575527192008149,-21.827330691274256,0.0010000000474974513,10.0
827,-5.637628980876598,-48.734699316881596,0.0010000000474974513,10.0
828,-4.373547916376317,-24.400206432119013,0.0010000000474974513,10.0
829,-0.3054451770164666,0.5606412621680648,0.0010000000474974513,10.0
830,-1.3738236989346344,343.818499071151,0.0010000000474974513,10.0
831,-3.13515939272534,517.57322185128,0.0010000000474974513,10.0
832,-3.4382759957947613,1058.917776183039,0.0010000000474974513,10.0
833,-3.5261281096418164,2010.4460778277366,0.0010000000474974513,10.0
834,-4.983317900909498,469.9591963244602,0.0010000000474974513,10.0
835,13.912730209704492,1498.9528583234176,0.0010000000474974513,10.0
836,4539.7497239737495,559.7350951768458,0.0010000000474974513,10.0
837,2699.268190014739,474.2454723492265,0.0010000000474974513,10.0
838,-2.8204786905126005,619.4135376368649,0.0010000000474974513,10.0
839,-1.6274282773913726,419.3199627775699,0.0010000000474974513,10.0
840,-0.37318676249119187,503.2938447555527,0.0010000000474974513,10.0
841,7.481568801078788,559.6931072860956,0.0010000000474974513,10.0
842,15.621599110268548,62.09614035077393,0.0010000000474974513,10.0
843,7.582255547124651,2.0927962854504587,0.0010000000474974513,10.0
844,-0.8405949899150883,-7.159816793724895,0.0010000000474974513,10.0
845,-2.54058227878539,-25.4986694496125,0.0010000000474974513,10.0
846,-0.12128370650486568,-21.452404386363924,0.0010000000474974513,10.0
847,-3.37123105309564,-13.238840345479549,0.0010000000474974513,10.0
848,2.1619211693027722,-3.2163622606545688,0.0010000000474974513,10.0
849,-4.311800941127048,-67.28673311509192,0.0010000000474974513,10.0
850,-5.0930520159312564,-45.04546000305563,0.0010000000474974513,10.0
851,-4.40033632582473,-69.47370467707515,0.0010000000474974513,10.0
852,-0.9109221219356405,-7.4588050942868,0.0010000000474974513,10.0
853,1.1941194992748114,-17.070747965853663,0.0010000000474974513,10.0
854,-1.6670408015340883,-86.96558276992292,0.0010000000474974513,10.0
855,-1.1602786939235177,-13.206206159479915,0.0010000000474974513,10.0
856,-2.323106675819642,-94.08546313736588,0.0010000000474974513,10.0
857,-2.0560971804629857,-19.67512120064348,0.0010000000474974513,10.0
858,-2.6964568627004946,-20.899698962643743,0.0010000000474974513,10.0
859,-0.3805295291432469,-26.466913456097245,0.0010000000474974513,10.0
860,-2.03950912448281,-24.171145979315042,0.0010000000474974513,10.0
861,-3.4504475322427126,-54.475361086195335,0.0010000000474974513,10.0
862,-5.099441910313265,-76.62114736419171,0.0010000000474974513,10.0
863,-4.783042916886393,-53.12622901517898,0.0010000000474974513,10.0
864,-3.5152982345928168,-62.93868303559721,0.0010000000474974513,10.0
865,-4.20524820618221,-45.33358923308551,0.0010000000474974513,10.0
866,-5.235893210627415,-42.35799637548625,0.0010000000474974513,10.0
867,-3.5763783705896026,-44.529658519476655,0.0010000000474974513,10.0
868,-3.0182980287743804,-48.83581197299063,0.0010000000474974513,10.0
869,-3.643352706398777,-37.378462753072384,0.0010000000474974513,10.0
870,-2.034384555889497,-83.78500704644247,0.0010000000474974513,10.0
871,-3.3509276301779396,-56.96203137561679,0.0010000000474974513,10.0
872,-1.6940631260054926,-62.88801069259644,0.0010000000474974513,10.0
873,-2.2392464679559865,-39.75818374752998,0.0010000000474974513,10.0
874,-3.059027278158396,-44.168773881625384,0.0010000000474974513,10.0
875,-2.748682643903742,-42.790570553950964,0.0010000000474974513,10.0
876,-3.9355531060803477,-43.306133936718105,0.0010000000474974513,10.0
877,-2.759695635424847,-44.69424655372277,0.0010000000474974513,10.0
878,-2.564608137393557,-35.49444509828463,0.0010000000474974513,10.0
879,-3.2043767070983904,-80.18205207092687,0.0010000000474974513,10.0
880,-3.925713329075073,-26.267966146580875,0.0010000000474974513,10.0
881,-5.032106349537797,-88.10992436595261,0.0010000000474974513,10.0
882,-2.7620818813932533,475.79653458874674,0.0010000000474974513,10.0
883,-5.093928263136098,-44.95508746355772,0.0010000000474974513,10.0
884,-5.0746592160717565,-23.027878818288446,0.0010000000474974513,10.0
885,-4.331976612122255,-36.395245663076636,0.0010000000474974513,10.0
886,-2.243197874127949,-32.13024950809777,0.0010000000474974513,10.0
887,-1.762924950173841,-56.89799361340702,0.0010000000474974513,10.0
888,-2.296560977427508,-21.439057883247735,0.0010000000474974513,10.0
889,-2.9571309391871945,-193.10225885808467,0.0010000000474974513,10.0
890,-3.384595282187663,-61.348228457942604,0.0010000000474974513,10.0
891,-3.330973365597732,-71.32447255291045,0.0010000000474974513,10.0
892,-2.2890873078897895,-61.69033011402935,0.0010000000474974513,10.0
893,-3.2368124730176313,-141.68416822403668,0.0010000000474974513,10.0
894,-3.265267592207233,-63.23603120408952,0.0010000000474974513,10.0
895,-3.6046727181292972,-71.63439001701772,0.0010000000474974513,10.0
896,-3.231548865936729,-73.19911010134965,0.0010000000474974513,10.0
897,-2.4653918089696782,-49.56340191066265,0.0010000000474974513,10.0
898,-2.3955753169828506,-4.29923488907516,0.0010000000474974513,10.0
899,-1.750837173443119,-15.548464127071203,0.0010000000474974513,10.0
900,-2.2971941643211036,-5.1938385356217625,0.0010000000474974513,10.0
901,4.212459906968569,21.490365279465912,0.0010000000474974513,10.0
902,0.43417763158067224,-4.3360648836940525,0.0010000000474974513,10.0
903,-1.2102971895497,59.14262807779014,0.0010000000474974513,10.0
904,-1.5036013641089305,-6.094639409519732,0.0010000000474974513,10.0
905,-0.719448902819608,11.003053851239383,0.0010000000474974513,10.0
906,-1.711078212158272,528.9541301869555,0.0010000000474974513,10.0
907,0.8742842690897963,496.9920306356624,0.0010000000474974513,10.0
908,-3.7232016762715334,164.52371887974442,0.0010000000474974513,10.0
909,-0.9018765720847203,153.15211149677634,0.0010000000474974513,10.0
910,-3.8945977981358695,-14.275342566147447,0.0010000000474974513,10.0
911,-5.270240495135801,-62.347753974050285,0.0010000000474974513,10.0
912,-4.435038850803659,-117.518131445162,0.0010000000474974513,10.0
913,-3.9252881215533137,-36.866694637946786,0.0010000000474974513,10.0
914,-4.567756131738176,-75.57720381394029,0.0010000000474974513,10.0
915,-4.734694211842901,-137.0983117248863,0.0010000000474974513,10.0
916,-4.811199924082584,-53.11712799742818,0.0010000000474974513,10.0
917,-3.9627004223044695,-77.98723475560546,0.0010000000474974513,10.0
918,-5.826260814594556,-75.82753653563559,0.0010000000474974513,10.0
919,-5.476962548460854,-61.120923944190146,0.0010000000474974513,10.0
920,-5.155193097669005,-93.8219999242574,0.0010000000474974513,10.0
921,-4.2584566565546345,-68.33702608682215,0.0010000000474974513,10.0
922,-5.531984599729016,-64.49950880259276,0.0010000000474974513,10.0
923,-5.819485957664183,-66.02223632596433,0.0010000000474974513,10.0
924,-5.167904291023831,-77.55704202577472,0.0010000000474974513,10.0
925,-5.398998234723334,-122.39798746407033,0.0010000000474974513,10.0
926,-5.457316587216369,-90.44148442596197,0.0010000000474974513,10.0
927,-5.043223431566509,-117.79555678591132,0.0010000000474974513,10.0
928,-5.217924793548063,-66.43408969715237,0.0010000000474974513,10.0
929,-5.614673247792561,-32.83743064180017,0.0010000000474974513,10.0
930,-5.259937238853965,-46.45208506323397,0.0010000000474974513,10.0
931,-3.045338786942452,-69.75316819511355,0.0010000000474974513,10.0
932,-3.411228107055097,-42.104676662385465,0.0010000000474974513,10.0
933,-5.360080067653763,-32.06693874485791,0.0010000000474974513,10.0
934,-3.4279923351944506,-44.5831669036299,0.0010000000474974513,10.0
935,-5.733656818105617,-57.70417562304065,0.0010000000474974513,10.0
936,-5.471433926367096,-74.81491306200624,0.0010000000474974513,10.0
937,-5.150888512510185,-68.97133730389177,0.0010000000474974513,10.0
938,-4.738341037838744,-75.39481872096658,0.0010000000474974513,10.0
939,-5.147033505122796,-83.88632346093655,0.0010000000474974513,10.0
940,-5.276698347939423,-95.10887046344578,0.0010000000474974513,10.0
941,-5.238864036740235,-47.7692547917366,0.0010000000474974513,10.0
942,-5.101503534244072,-120.86345184519887,0.0010000000474974513,10.0
943,-5.558446262263159,-57.534447548165915,0.0010000000474974513,10.0
944,-5.8210443028610985,-70.7652067726478,0.0010000000474974513,10.0
945,-4.114754371815687,-34.3848894033581,0.0010000000474974513,10.0
946,-4.864545740029884,-12.419576959265395,0.0010000000474974513,10.0
947,-1.0042941069219968,-36.313365798164156,0.0010000000474974513,10.0
948,-1.3216250987408977,-63.569273449108,0.0010000000474974513,10.0
949,-5.304623830203646,-70.38345589712262,0.0010000000474974513,10.0
950,-5.066240383710943,-117.18235990554095,0.0010000000474974513,10.0
951,-4.713401493310721,-90.6082113917917,0.0010000000474974513,10.0
952,-4.566868838317938,-98.31890438199044,0.0010000000474974513,10.0
953,-4.630148314230695,-71.18251445088535,0.0010000000474974513,10.0
954,-4.868084349867528,-57.41962262345478,0.0010000000474974513,10.0
955,-4.970295137918879,-116.27280647195876,0.0010000000474974513,10.0
956,-5.3273131483682805,-39.99086778014898,0.0010000000474974513,10.0
957,-5.650298016125452,-68.93869264125824,0.0010000000474974513,10.0
958,-5.316006545674898,-104.84541691550984,0.0010000000474974513,10.0
959,-5.5286781447528694,-75.71055797934532,0.0010000000474974513,10.0
960,-6.344965419443054,-73.77489075064659,0.0010000000474974513,10.0
961,-5.443184478966025,-137.261623314023,0.0010000000474974513,10.0
962,-5.453135866987207,-130.0626906439662,0.0010000000474974513,10.0
963,-5.208200316228914,-100.96713078841567,0.0010000000474974513,10.0
964,-5.818083181629316,-61.34848966449499,0.0010000000474974513,10.0
965,-7.234420531949391,-125.19748964644968,0.0010000000474974513,10.0
966,-6.5965752055070155,-61.076984513364735,0.0010000000474974513,10.0
967,-5.497691531438299,-66.60877958387137,0.0010000000474974513,10.0
968,-5.390389700421158,-77.52168488930911,0.0010000000474974513,10.0
969,-5.3939074309736155,-91.91898556500674,0.0010000000474974513,10.0
970,-5.089420142202033,-85.27958572208881,0.0010000000474974513,10.0
971,-5.1152117877277075,-83.25041612051427,0.0010000000474974513,10.0
972,-5.999212726286748,-72.4624908041209,0.0010000000474974513,10.0
973,-5.695807733379393,-79.97404575571417,0.0010000000474974513,10.0
974,-5.673078015879485,-70.30812299698592,0.0010000000474974513,10.0
975,-6.098346568490813,-47.173834587819876,0.0010000000474974513,10.0
976,-3.2414429517530623,-115.36211953330785,0.0010000000474974513,10.0
977,-5.258979231306634,-26.571789501421154,0.0010000000474974513,10.0
978,-2.3132489485384236,-39.94902433259413,0.0010000000474974513,10.0
979,4.467577426995385,-8.39499585404992,0.0010000000474974513,10.0
980,0.900804726399665,-33.14991409289651,0.0010000000474974513,10.0
981,-1.3743728681275844,466.48282382809555,0.0010000000474974513,10.0
982,-3.6878817839673026,-3.4153251013718546,0.0010000000474974513,10.0
983,-5.051594611506367,-19.77976976791397,0.0010000000474974513,10.0
984,-5.4575305008271755,-37.95724014658481,0.0010000000474974513,10.0
985,-3.5678228148413673,-19.523311811266467,0.0010000000474974513,10.0
986,-2.8059340258428107,-10.74406405724585,0.0010000000474974513,10.0
987,-4.78251384097392,-63.326460942626,0.0010000000474974513,10.0
988,-2.737674659081768,-83.59068889375776,0.0010000000474974513,10.0
989,-4.570490609011115,-85.00438730828463,0.0010000000474974513,10.0
990,-3.175228496542143,-33.49873695224524,0.0010000000474974513,10.0
991,4.6186636286643985,-75.97492753472179,0.0010000000474974513,10.0
992,-0.8676914071801928,-28.747915125265717,0.0010000000474974513,10.0
993,1.429758088919396,-33.94981407057494,0.0010000000474974513,10.0
994,10.520549287207476,1997.516790422611,0.0010000000474974513,10.0
995,-5.145206464148543,-26.53570588901639,0.0010000000474974513,10.0
996,-3.316817841670802,-4.285957296099514,0.0010000000474974513,10.0
997,-0.0423965795271586,1014.304432167625,0.0010000000474974513,10.0
998,1.989319750625251,-27.935065641254187,0.0010000000474974513,10.0
999,-4.233026226084141,521.8196306515486,0.0010000000474974513,10.0
